tabla,campo,campo_original,descripcion,tipo_dato,unidad_o_formato,valores_posibles,registros,valores_faltantes,pct_faltantes,codigo_faltante_conocido
siniestros,codigo_siniestro,CÓDIGO SINIESTRO,Identificador unico del siniestro. Llave primaria. Formato A-AAAA-MM-N.,texto,Identificador,9106 valores distintos,9106,0,0.0,"celda vacia; ademas 'NO SE CONOCE', 'NO REGISTRA', 'NO CORRESPONDE' y 'NO APLICA' funcionan como faltantes"
siniestros,fecha_siniestro,FECHA SINIESTRO,Fecha de ocurrencia del siniestro.,fecha,Fecha ISO 8601 (YYYY-MM-DD),rango 2021-01-01 a 2025-12-30,9106,0,0.0,"celda vacia; ademas 'NO SE CONOCE', 'NO REGISTRA', 'NO CORRESPONDE' y 'NO APLICA' funcionan como faltantes"
siniestros,hora_siniestro,HORA SINIESTRO,Hora de ocurrencia declarada en el parte policial.,texto,Texto HH:MM,651 valores distintos,9106,0,0.0,"celda vacia; ademas 'NO SE CONOCE', 'NO REGISTRA', 'NO CORRESPONDE' y 'NO APLICA' funcionan como faltantes"
siniestros,clase_siniestro,CLASE SINIESTRO,Tipo de evento segun tipologia de la PNP.,texto,Categoria,ATROPELLO | ATROPELLO FUGA | CAÍDA DE PASAJERO | CHOQUE | CHOQUE CON OBJETO FIJO | CHOQUE FUGA | DESPISTE | ESPECIAL | FERROVIARIO | INCENDIO | VOLCADURA,9106,0,0.0,"celda vacia; ademas 'NO SE CONOCE', 'NO REGISTRA', 'NO CORRESPONDE' y 'NO APLICA' funcionan como faltantes"
siniestros,cantidad_fallecidos,CANTIDAD DE FALLECIDOS,Numero de personas fallecidas en el siniestro.,entero,Conteo de personas,rango 1 a 33,9106,0,0.0,"celda vacia; ademas 'NO SE CONOCE', 'NO REGISTRA', 'NO CORRESPONDE' y 'NO APLICA' funcionan como faltantes"
siniestros,cantidad_lesionados,CANTIDAD DE LESIONADOS,Numero de personas lesionadas en el siniestro.,entero,Conteo de personas,rango 0 a 71,9106,0,0.0,"celda vacia; ademas 'NO SE CONOCE', 'NO REGISTRA', 'NO CORRESPONDE' y 'NO APLICA' funcionan como faltantes"
siniestros,cantidad_vehiculos_danados,CANTIDAD DE VEHICULOS DAÑADOS,Numero de vehiculos con danos materiales.,decimal,Conteo de vehiculos,rango 0 a 15,9106,2813,30.9,"celda vacia; ademas 'NO SE CONOCE', 'NO REGISTRA', 'NO CORRESPONDE' y 'NO APLICA' funcionan como faltantes"
siniestros,departamento,DEPARTAMENTO,Departamento donde ocurrio el siniestro. Primer nivel de la division politica.,texto,Categoria,AMAZONAS | ANCASH | APURIMAC | AREQUIPA | AYACUCHO | CAJAMARCA | CALLAO | CUSCO | HUANCAVELICA | HUANUCO | ICA | JUNIN | LA LIBERTAD | LAMBAYEQUE | LIMA | LORETO | MADRE DE DIOS | MOQUEGUA | PASCO | PIURA | PUNO | SAN MARTIN | TACNA | TUMBES | UCAYALI,9106,0,0.0,"celda vacia; ademas 'NO SE CONOCE', 'NO REGISTRA', 'NO CORRESPONDE' y 'NO APLICA' funcionan como faltantes"
siniestros,provincia,PROVINCIA,Provincia donde ocurrio el siniestro. Segundo nivel.,texto,Categoria,182 valores distintos,9106,0,0.0,"celda vacia; ademas 'NO SE CONOCE', 'NO REGISTRA', 'NO CORRESPONDE' y 'NO APLICA' funcionan como faltantes"
siniestros,distrito,DISTRITO,Distrito donde ocurrio el siniestro. Tercer nivel.,texto,Categoria,1086 valores distintos,9106,0,0.0,"celda vacia; ademas 'NO SE CONOCE', 'NO REGISTRA', 'NO CORRESPONDE' y 'NO APLICA' funcionan como faltantes"
siniestros,zona,ZONA,Caracter urbano o rural del lugar del siniestro.,texto,Categoria,RURAL | URBANA,9106,38,0.4,"celda vacia; ademas 'NO SE CONOCE', 'NO REGISTRA', 'NO CORRESPONDE' y 'NO APLICA' funcionan como faltantes"
siniestros,tipo_via,TIPO DE VÍA,Tipo de via donde ocurrio el hecho.,texto,Categoria,ALAMEDA | AUTOPISTA | AVENIDA | CALLE | CARRETERA | FERREO | JIRÓN | OTRO | PASAJE | PLAYA | PUENTE | SIN CLASIFICAR | VIA EXPRESA,9106,0,0.0,"celda vacia; ademas 'NO SE CONOCE', 'NO REGISTRA', 'NO CORRESPONDE' y 'NO APLICA' funcionan como faltantes"
siniestros,red_vial,RED VIAL,Jerarquia de la red vial a la que pertenece la via.,texto,Categoria,DEPARTAMENTAL | NACIONAL | PROVINCIAL | SIN CLASIFICAR | URBANO,9106,0,0.0,"celda vacia; ademas 'NO SE CONOCE', 'NO REGISTRA', 'NO CORRESPONDE' y 'NO APLICA' funcionan como faltantes"
siniestros,cod_carretera,COD CARRETERA,Codigo oficial de la carretera segun el clasificador del MTC.,texto,Codigo,1045 valores distintos,9106,1,0.0,"celda vacia; ademas 'NO SE CONOCE', 'NO REGISTRA', 'NO CORRESPONDE' y 'NO APLICA' funcionan como faltantes"
siniestros,latitud,COORDENADAS LATITUD,"Latitud del punto del siniestro en grados decimales, WGS84.",decimal,Grados decimales,rango -18.3054 a -3.48289,9106,0,0.0,"celda vacia; ademas 'NO SE CONOCE', 'NO REGISTRA', 'NO CORRESPONDE' y 'NO APLICA' funcionan como faltantes"
siniestros,longitud,COORDENADAS LONGITUD,"Longitud del punto del siniestro en grados decimales, WGS84.",decimal,Grados decimales,rango -81.2889 a -68.9531,9106,1,0.0,"celda vacia; ademas 'NO SE CONOCE', 'NO REGISTRA', 'NO CORRESPONDE' y 'NO APLICA' funcionan como faltantes"
siniestros,condicion_climatica,CONDICIÓN CLIMÁTICA,Condicion del clima al momento del siniestro.,texto,Categoria,DESPEJADO | GRANIZADO | LLUVIOSO | NEVADO | NIEBLA | NUBLADO | SOLEADO | VENTARRÓN,9106,423,4.6,"celda vacia; ademas 'NO SE CONOCE', 'NO REGISTRA', 'NO CORRESPONDE' y 'NO APLICA' funcionan como faltantes"
siniestros,zonificacion,ZONIFICACIÓN,Uso de suelo predominante en el entorno del siniestro.,texto,Categoria,COMERCIAL | ESCOLAR | INDUSTRIAL | RESIDENCIAL | RURAL,9106,423,4.6,"celda vacia; ademas 'NO SE CONOCE', 'NO REGISTRA', 'NO CORRESPONDE' y 'NO APLICA' funcionan como faltantes"
siniestros,caracteristicas_via,CARACTERÍSTICAS DE VÍA,"Geometria del tramo: recto, curva, interseccion, etc.",texto,Categoria,CURVA | INTERSECCIÓN | OTRO | PASE A DESNIVEL | PUENTE | SINUOSA | TRAMO RECTO | TÚNEL | ÓVALO,9106,423,4.6,"celda vacia; ademas 'NO SE CONOCE', 'NO REGISTRA', 'NO CORRESPONDE' y 'NO APLICA' funcionan como faltantes"
siniestros,perfil_longitudinal_via,PERFIL LONGITUDINAL VÍA,Pendiente del tramo: plana o inclinada.,texto,Categoria,INCLINADA | PLANA ,9106,424,4.7,"celda vacia; ademas 'NO SE CONOCE', 'NO REGISTRA', 'NO CORRESPONDE' y 'NO APLICA' funcionan como faltantes"
siniestros,superficie_calzada,SUPERFICIE DE CALZADA,Material de la superficie de rodadura.,texto,Categoria,ADOQUINADO | AFIRMADO | ASFALTADA | CASCAJO/RIPIO | CONCRETO | EMPEDRADO | TROCHA,9106,423,4.6,"celda vacia; ademas 'NO SE CONOCE', 'NO REGISTRA', 'NO CORRESPONDE' y 'NO APLICA' funcionan como faltantes"
siniestros,existe_senal_vertical,¿EXISTE SEÑAL VERTICAL?,Si el tramo cuenta con senalizacion vertical.,texto,Categoria,NO | SI,9106,7090,77.9,"celda vacia; ademas 'NO SE CONOCE', 'NO REGISTRA', 'NO CORRESPONDE' y 'NO APLICA' funcionan como faltantes"
siniestros,clasificacion_senal_vertical_1,CLASIFICACIÓN DE LA SEÑAL VERTICAL Nº 1,Tipo de la primera senal vertical presente.,texto,Categoria,INFORMATIVA (I) | PREVENTIVA (P) | REGULADORA (R),9106,7790,85.5,"celda vacia; ademas 'NO SE CONOCE', 'NO REGISTRA', 'NO CORRESPONDE' y 'NO APLICA' funcionan como faltantes"
siniestros,clasificacion_senal_vertical_2,CLASIFICACIÓN DE LA SEÑAL VERTICAL Nº 2,Tipo de la segunda senal vertical presente.,texto,Categoria,INFORMATIVA (I) | PREVENTIVA (P) | REGULADORA (R),9106,8572,94.1,"celda vacia; ademas 'NO SE CONOCE', 'NO REGISTRA', 'NO CORRESPONDE' y 'NO APLICA' funcionan como faltantes"
siniestros,existe_senal_horizontal,¿EXISTE SEÑAL HORIZONTAL?,Si el tramo cuenta con senalizacion horizontal (marcas en calzada).,texto,Categoria,NO | SI,9106,7090,77.9,"celda vacia; ademas 'NO SE CONOCE', 'NO REGISTRA', 'NO CORRESPONDE' y 'NO APLICA' funcionan como faltantes"
siniestros,causa_factor_principal,CAUSA FACTOR PRINCIPAL,Factor causal principal atribuido por la PNP. Mayoritariamente sin determinar.,texto,Categoria,EN PROCESO DE INVESTIGACIÓN | IMPERICIA DEL CONDUCTOR | IMPRUDENCIA DEL CONDUCTOR | IMPRUDENCIA DEL PASAJERO/OCUPANTE | IMPRUDENCIA DEL PEATÓN | INFRAESTRUCTURA Y ENTORNO VIAL | NEGLIGENCIA DEL CONDUCTOR,9106,0,0.0,"celda vacia; ademas 'NO SE CONOCE', 'NO REGISTRA', 'NO CORRESPONDE' y 'NO APLICA' funcionan como faltantes"
siniestros,causa_especifica,CAUSA ESPECÍFICA,Detalle de la causa dentro del factor principal.,texto,Categoria,38 valores distintos,9106,82,0.9,"celda vacia; ademas 'NO SE CONOCE', 'NO REGISTRA', 'NO CORRESPONDE' y 'NO APLICA' funcionan como faltantes"
siniestros,hora_del_dia,(derivada de HORA SINIESTRO),"Hora del dia derivada de hora_siniestro. Columna calculada, no viene en la fuente.",entero,Entero 0-23,rango 0 a 23,9106,0,0.0,"celda vacia; ademas 'NO SE CONOCE', 'NO REGISTRA', 'NO CORRESPONDE' y 'NO APLICA' funcionan como faltantes"
vehiculos,codigo_siniestro,CÓDIGO SINIESTRO,Siniestro al que pertenece el vehiculo. Llave foranea a siniestros.csv.,texto,Identificador,9106 valores distintos,12667,0,0.0,"celda vacia; ademas 'NO SE CONOCE', 'NO REGISTRA', 'NO CORRESPONDE' y 'NO APLICA' funcionan como faltantes"
vehiculos,codigo_vehiculo,CÓDIGO VEHICULO,Identificador unico del vehiculo involucrado. Llave primaria. Formato V-AAAA-MM-N-K.,texto,Identificador,12667 valores distintos,12667,0,0.0,"celda vacia; ademas 'NO SE CONOCE', 'NO REGISTRA', 'NO CORRESPONDE' y 'NO APLICA' funcionan como faltantes"
vehiculos,departamento,DEPARTAMENTO,Departamento del siniestro. Redundante con siniestros.csv.,texto,Categoria,AMAZONAS | ANCASH | APURIMAC | AREQUIPA | AYACUCHO | CAJAMARCA | CALLAO | CUSCO | HUANCAVELICA | HUANUCO | ICA | JUNIN | LA LIBERTAD | LAMBAYEQUE | LIMA | LORETO | MADRE DE DIOS | MOQUEGUA | PASCO | PIURA | PUNO | SAN MARTIN | TACNA | TUMBES | UCAYALI,12667,0,0.0,"celda vacia; ademas 'NO SE CONOCE', 'NO REGISTRA', 'NO CORRESPONDE' y 'NO APLICA' funcionan como faltantes"
vehiculos,provincia,PROVINCIA,Provincia del siniestro. Redundante con siniestros.csv.,texto,Categoria,182 valores distintos,12667,0,0.0,"celda vacia; ademas 'NO SE CONOCE', 'NO REGISTRA', 'NO CORRESPONDE' y 'NO APLICA' funcionan como faltantes"
vehiculos,distrito,DISTRITO,Distrito del siniestro. Redundante con siniestros.csv.,texto,Categoria,1086 valores distintos,12667,0,0.0,"celda vacia; ademas 'NO SE CONOCE', 'NO REGISTRA', 'NO CORRESPONDE' y 'NO APLICA' funcionan como faltantes"
vehiculos,situacion_vehiculo,SITUACIÓN VEHÍCULO,"Situacion del vehiculo tras el hecho: identificado, fugado, etc.",texto,Categoria,ESTACIONADO | FUGADO | IDENTIFICADO,12667,0,0.0,"celda vacia; ademas 'NO SE CONOCE', 'NO REGISTRA', 'NO CORRESPONDE' y 'NO APLICA' funcionan como faltantes"
vehiculos,estado_modalidad,ESTADO MODALIDAD,Si el vehiculo estaba habilitado para la modalidad de servicio que prestaba.,texto,Categoria,HABILITADO | NO CORRESPONDE | NO HABILITADO,12667,119,0.9,"celda vacia; ademas 'NO SE CONOCE', 'NO REGISTRA', 'NO CORRESPONDE' y 'NO APLICA' funcionan como faltantes"
vehiculos,modalidad_transporte,MODALIDAD DE TRANSPORTE,"Modalidad de servicio: particular, transporte de personas, carga, etc.",texto,Categoria,AMBULANCIA | AUTO COLECTIVO | CARGA | ESCOLAR | MATERIALES PELIGROSOS | NO CORRESPONDE | OTRO | PARTICULAR | PUBLICO URBANO | REGULAR(INTERPROVINCIAL) | SERENAZGO | SERVICIO ESPECIAL DE PASAJEROS | TAXI | TRABAJADORES | TURISTICO | VEHICULO OFICIAL | VEHICULO POLICIAL,12667,113,0.9,"celda vacia; ademas 'NO SE CONOCE', 'NO REGISTRA', 'NO CORRESPONDE' y 'NO APLICA' funcionan como faltantes"
vehiculos,elemento_transportado,ELEMENTO TRANSPORTADO,"Que transportaba el vehiculo: personas, carga o mercancias.",texto,Categoria,CARGA Y/O MERCANCÍAS | PERSONAS,12667,3445,27.2,"celda vacia; ademas 'NO SE CONOCE', 'NO REGISTRA', 'NO CORRESPONDE' y 'NO APLICA' funcionan como faltantes"
vehiculos,ambito_servicio,AMBITO SERVICIO,"Ambito de la autorizacion del servicio: nacional, regional, provincial.",texto,Categoria,DISTRITAL | INTERNACIONAL | NACIONAL | NO SE CONOCE | PROVINCIAL | REGIONAL,12667,3463,27.3,"celda vacia; ademas 'NO SE CONOCE', 'NO REGISTRA', 'NO CORRESPONDE' y 'NO APLICA' funcionan como faltantes"
vehiculos,posee_seguro,POSEE SEGURO,Si el vehiculo contaba con algun seguro.,texto,Categoria,NO | NO CORRESPONDE | NO ESPECIFICA | SI,12667,2149,17.0,"celda vacia; ademas 'NO SE CONOCE', 'NO REGISTRA', 'NO CORRESPONDE' y 'NO APLICA' funcionan como faltantes"
vehiculos,estado_soat,ESTADO SOAT,Vigencia del SOAT al momento del siniestro. Indicador de informalidad.,texto,Categoria,NO APLICA | NO REGISTRA | VENCIDO | VIGENTE,12667,97,0.8,"celda vacia; ademas 'NO SE CONOCE', 'NO REGISTRA', 'NO CORRESPONDE' y 'NO APLICA' funcionan como faltantes"
vehiculos,tipo_seguro,TIPO SEGURO,"Tipo de seguro: SOAT, CAT u otro.",texto,Categoria,CAT | OTRO | SOAT,12667,5709,45.1,"celda vacia; ademas 'NO SE CONOCE', 'NO REGISTRA', 'NO CORRESPONDE' y 'NO APLICA' funcionan como faltantes"
vehiculos,compania_seguro,COMPAÑIA SEGURO,Aseguradora emisora de la poliza.,texto,Categoria,26 valores distintos,12667,4780,37.7,"celda vacia; ademas 'NO SE CONOCE', 'NO REGISTRA', 'NO CORRESPONDE' y 'NO APLICA' funcionan como faltantes"
vehiculos,posee_citv,POSEE CITV,Si el vehiculo contaba con Certificado de Inspeccion Tecnica Vehicular.,texto,Categoria,NO | NO CORRESPONDE | NO ESPECIFICA | SI,12667,2149,17.0,"celda vacia; ademas 'NO SE CONOCE', 'NO REGISTRA', 'NO CORRESPONDE' y 'NO APLICA' funcionan como faltantes"
vehiculos,estado_citv,ESTADO CITV,Vigencia del CITV. Indicador del estado mecanico formal del vehiculo.,texto,Categoria,NO APLICA | NO REGISTRA | VENCIDO | VIGENTE,12667,105,0.8,"celda vacia; ademas 'NO SE CONOCE', 'NO REGISTRA', 'NO CORRESPONDE' y 'NO APLICA' funcionan como faltantes"
vehiculos,vehiculo,VEHÍCULO,Clase de vehiculo segun el Reglamento Nacional de Vehiculos.,texto,Categoria,AUTOMÓVIL | BICICLETA | BICIMOTO | CAMIONETA PANEL | CAMIONETA PICK UP | CAMIONETA RURAL | CAMIÓN | MINIBUS | MOTOCICLETA | MOTOCICLETA ELECTRICA | OTRO | REMOLCADOR | REMOLCADOR-SEMIREMOLQUE | REMOLQUE | SCOOTER | SEMIREMOLQUE | STATION WAGON | TRICICLO MOTORIZADO | TRICICLO NO MOTORIZADO | TRIMOTO CARGA | TRIMOTO PASAJERO | VEHICULO NO IDENTIFICADO | ÓMNIBUS,12667,0,0.0,"celda vacia; ademas 'NO SE CONOCE', 'NO REGISTRA', 'NO CORRESPONDE' y 'NO APLICA' funcionan como faltantes"
vehiculos,clase_siniestro,TIPO SINIESTRO,Clase del siniestro. Redundante con siniestros.csv.,texto,Categoria,ATROPELLO | ATROPELLO FUGA | CAÍDA DE PASAJERO | CHOQUE | CHOQUE CON OBJETO FIJO | CHOQUE FUGA | DESPISTE | ESPECIAL | FERROVIARIO | INCENDIO | VOLCADURA,12667,0,0.0,"celda vacia; ademas 'NO SE CONOCE', 'NO REGISTRA', 'NO CORRESPONDE' y 'NO APLICA' funcionan como faltantes"
vehiculos,fecha_siniestro,FECHA,Fecha del siniestro. Redundante con siniestros.csv.,fecha,Fecha ISO 8601 (YYYY-MM-DD),rango 2021-01-01 a 2025-12-30,12667,0,0.0,"celda vacia; ademas 'NO SE CONOCE', 'NO REGISTRA', 'NO CORRESPONDE' y 'NO APLICA' funcionan como faltantes"
vehiculos,anio,AÑO,Anio del siniestro.,entero,Entero,rango 2021 a 2025,12667,0,0.0,"celda vacia; ademas 'NO SE CONOCE', 'NO REGISTRA', 'NO CORRESPONDE' y 'NO APLICA' funcionan como faltantes"
vehiculos,mes,MES,"Mes del siniestro, nombre en espanol.",texto,Categoria,ABRIL | AGOSTO | DICIEMBRE | ENERO | FEBRERO | JULIO | JUNIO | MARZO | MAYO | NOVIEMBRE | OCTUBRE | SETIEMBRE,12667,0,0.0,"celda vacia; ademas 'NO SE CONOCE', 'NO REGISTRA', 'NO CORRESPONDE' y 'NO APLICA' funcionan como faltantes"
vehiculos,dia_semana,DÍA,Dia de la semana del siniestro.,texto,Categoria,DOMINGO | JUEVES | LUNES | MARTES | MIÉRCOLES | SÁBADO | VIERNES,12667,0,0.0,"celda vacia; ademas 'NO SE CONOCE', 'NO REGISTRA', 'NO CORRESPONDE' y 'NO APLICA' funcionan como faltantes"
vehiculos,hora,HORA,Hora del siniestro.,entero,Entero 0-23,rango 0 a 23,12667,0,0.0,"celda vacia; ademas 'NO SE CONOCE', 'NO REGISTRA', 'NO CORRESPONDE' y 'NO APLICA' funcionan como faltantes"
vehiculos,cod_carretera,CÓDIGO DE CARRETERA,Codigo de carretera. Redundante con siniestros.csv.,texto,Codigo,1045 valores distintos,12667,0,0.0,"celda vacia; ademas 'NO SE CONOCE', 'NO REGISTRA', 'NO CORRESPONDE' y 'NO APLICA' funcionan como faltantes"
vehiculos,tipo_via,TIPO DE VÍA,Tipo de via. Redundante con siniestros.csv.,texto,Categoria,ALAMEDA | AUTOPISTA | AVENIDA | CALLE | CARRETERA | DEPARTAMENTAL | FERREO | JIRÓN | OTRO | PASAJE | PLAYA | PUENTE | SIN CLASIFICAR | VIA EXPRESA,12667,0,0.0,"celda vacia; ademas 'NO SE CONOCE', 'NO REGISTRA', 'NO CORRESPONDE' y 'NO APLICA' funcionan como faltantes"
personas,codigo_siniestro,CÓDIGO SINIESTRO,Siniestro al que pertenece la persona. Llave foranea a siniestros.csv.,texto,Identificador,9106 valores distintos,25412,0,0.0,"celda vacia; ademas 'NO SE CONOCE', 'NO REGISTRA', 'NO CORRESPONDE' y 'NO APLICA' funcionan como faltantes"
personas,codigo_vehiculo,CÓDIGO VEHÍCULO,Vehiculo asociado a la persona. Llave foranea a vehiculos.csv.,texto,Identificador,12631 valores distintos,25412,0,0.0,"celda vacia; ademas 'NO SE CONOCE', 'NO REGISTRA', 'NO CORRESPONDE' y 'NO APLICA' funcionan como faltantes"
personas,codigo_persona,CÓDIGO PERSONA,Identificador unico de la persona involucrada. Llave primaria. Formato P-AAAA-MM-N-K-M.,texto,Identificador,25411 valores distintos,25412,0,0.0,"celda vacia; ademas 'NO SE CONOCE', 'NO REGISTRA', 'NO CORRESPONDE' y 'NO APLICA' funcionan como faltantes"
personas,departamento,DEPARTAMENTO,Departamento del siniestro. Redundante con siniestros.csv.,texto,Categoria,AMAZONAS | ANCASH | APURIMAC | AREQUIPA | AYACUCHO | CAJAMARCA | CALLAO | CUSCO | HUANCAVELICA | HUANUCO | ICA | JUNIN | LA LIBERTAD | LAMBAYEQUE | LIMA | LORETO | MADRE DE DIOS | MOQUEGUA | PASCO | PIURA | PUNO | SAN MARTIN | TACNA | TUMBES | UCAYALI,25412,0,0.0,"celda vacia; ademas 'NO SE CONOCE', 'NO REGISTRA', 'NO CORRESPONDE' y 'NO APLICA' funcionan como faltantes"
personas,provincia,PROVINCIA,Provincia del siniestro. Redundante con siniestros.csv.,texto,Categoria,182 valores distintos,25412,0,0.0,"celda vacia; ademas 'NO SE CONOCE', 'NO REGISTRA', 'NO CORRESPONDE' y 'NO APLICA' funcionan como faltantes"
personas,distrito,DISTRITO,Distrito del siniestro. Redundante con siniestros.csv.,texto,Categoria,1086 valores distintos,25412,0,0.0,"celda vacia; ademas 'NO SE CONOCE', 'NO REGISTRA', 'NO CORRESPONDE' y 'NO APLICA' funcionan como faltantes"
personas,tipo_persona,TIPO PERSONA,"Rol de la persona en el siniestro: conductor, pasajero, peaton, ocupante.",texto,Categoria,CONDUCTOR | CONDUCTOR FUGADO | OCUPANTE | PASAJERO | PEATÓN | SIN CONDUCTOR,25412,0,0.0,"celda vacia; ademas 'NO SE CONOCE', 'NO REGISTRA', 'NO CORRESPONDE' y 'NO APLICA' funcionan como faltantes"
personas,gravedad,GRAVEDAD,"Desenlace para la persona: fallecido, lesionado o ileso.",texto,Categoria,FALLECIDO | ILESO | LESIONADO | NO SE CONOCE,25412,0,0.0,"celda vacia; ademas 'NO SE CONOCE', 'NO REGISTRA', 'NO CORRESPONDE' y 'NO APLICA' funcionan como faltantes"
personas,lugar_atencion_lesionado,LUGAR ATENCIÓN LESIONADO,Establecimiento donde se atendio al lesionado. Solo aplica a lesionados.,texto,Categoria,CENTRO DE SALUD PRIVADO | CENTRO DE SALUD PÚBLICO | OTRO,25412,18341,72.2,"celda vacia; ademas 'NO SE CONOCE', 'NO REGISTRA', 'NO CORRESPONDE' y 'NO APLICA' funcionan como faltantes"
personas,lugar_defuncion,LUGAR DE DEFUNCIÓN,Lugar donde se produjo la muerte. Solo aplica a fallecidos.,texto,Categoria,CAMINO AL CENTRO DE SALUD | EN EL CENTRO DE SALUD | EN EL LUGAR DE LOS HECHOS,25412,15341,60.4,"celda vacia; ademas 'NO SE CONOCE', 'NO REGISTRA', 'NO CORRESPONDE' y 'NO APLICA' funcionan como faltantes"
personas,situacion_persona,SITUACIÓN DE PERSONA,Si la persona fue identificada por la autoridad.,texto,Categoria,IDENTIFICADO | NO IDENTIFICADO,25412,0,0.0,"celda vacia; ademas 'NO SE CONOCE', 'NO REGISTRA', 'NO CORRESPONDE' y 'NO APLICA' funcionan como faltantes"
personas,pais_nacionalidad,PAÍS DE NACIONALIDAD,Pais de nacionalidad de la persona.,texto,Categoria,27 valores distintos,25412,3308,13.0,"celda vacia; ademas 'NO SE CONOCE', 'NO REGISTRA', 'NO CORRESPONDE' y 'NO APLICA' funcionan como faltantes"
personas,edad,EDAD,Edad de la persona en anios cumplidos.,decimal,Anios,rango 0 a 100,25412,2681,10.6,"celda vacia; ademas 'NO SE CONOCE', 'NO REGISTRA', 'NO CORRESPONDE' y 'NO APLICA' funcionan como faltantes"
personas,sexo,SEXO,Sexo registrado de la persona.,texto,Categoria,FEMENINO | MASCULINO | NO INDICA,25412,288,1.1,"celda vacia; ademas 'NO SE CONOCE', 'NO REGISTRA', 'NO CORRESPONDE' y 'NO APLICA' funcionan como faltantes"
personas,posee_licencia,POSEE LICENCIA,Si la persona contaba con licencia de conducir. Solo aplica a conductores.,texto,Categoria,NO | SI,25412,18236,71.8,"celda vacia; ademas 'NO SE CONOCE', 'NO REGISTRA', 'NO CORRESPONDE' y 'NO APLICA' funcionan como faltantes"
personas,estado_licencia,ESTADO LICENCIA,Vigencia de la licencia de conducir.,texto,Categoria,ANULADA / CONDUCTOR INHABILITADO | CANCELADA | CANCELADA / CONDUCTOR INHABILITADO | CANCELADA / INHABILITADA | CONDUCTOR INHABILITADO | FUGADO | INHABILITADO | LICENCIA CLASE A | NO CONDUCTOR | NO CORRESPONDE | NO ESPECIFICA | NO REGISTRA | OBSERVADA | RETENIDA | SIN DNI IDENTIFICADO | SIN LICENCIA | SUSPENDIDA | VENCIDA | VIGENTE,25412,292,1.1,"celda vacia; ademas 'NO SE CONOCE', 'NO REGISTRA', 'NO CORRESPONDE' y 'NO APLICA' funcionan como faltantes"
personas,clase_licencia,CLASE_LICENCIA,Clase y categoria de la licencia segun el reglamento del MTC.,texto,Categoria,A I | A II | A II A | A II B | A III | A III A | A III B | A III C | B | B I | B II  C | B II A | B II B | B II C | FUGADO | NO CONDUCTOR | NO CORRESPONDE | NO ESPECIFICA | NO REGISTRA | OTRO | SIN DNI IDENTIFICADO | SIN LICENCIA | b,25412,8,0.0,"celda vacia; ademas 'NO SE CONOCE', 'NO REGISTRA', 'NO CORRESPONDE' y 'NO APLICA' funcionan como faltantes"
personas,sometio_dosaje_cualitativo,¿SE SOMETIÓ A DOSAJE ETÍLICO CUALITATIVO?,Si se practico dosaje etilico cualitativo. Fuertemente subregistrado.,texto,Categoria,NO | SI,25412,3891,15.3,"celda vacia; ademas 'NO SE CONOCE', 'NO REGISTRA', 'NO CORRESPONDE' y 'NO APLICA' funcionan como faltantes"
personas,resultado_dosaje_cualitativo,RESULTADO DEL DOSAJE ETÍLICO CUALITATIVO,Resultado del dosaje etilico cualitativo. Solo presente si se practico la prueba.,texto,Categoria,NEGATIVO | POSITIVO,25412,21457,84.4,"celda vacia; ademas 'NO SE CONOCE', 'NO REGISTRA', 'NO CORRESPONDE' y 'NO APLICA' funcionan como faltantes"
personas,sometio_dosaje_cuantitativo,¿SE SOMETIÓ A DOSAJE ETÍLICO CUANTITATIVO?,Si se practico dosaje etilico cuantitativo. El valor en g/L no se publica.,texto,Categoria,NO | SI,25412,4282,16.9,"celda vacia; ademas 'NO SE CONOCE', 'NO REGISTRA', 'NO CORRESPONDE' y 'NO APLICA' funcionan como faltantes"
personas,vehiculo,VEHÍCULO,Clase del vehiculo asociado a la persona. Redundante con vehiculos.csv.,texto,Categoria,AUTOMÓVIL | BICICLETA | BICIMOTO | CAMIONETA PANEL | CAMIONETA PICK UP | CAMIONETA RURAL | CAMIÓN | MINIBUS | MOTOCICLETA | MOTOCICLETA ELECTRICA | OTRO | REMOLCADOR | REMOLCADOR-SEMIREMOLQUE | REMOLQUE | SCOOTER | SEMIREMOLQUE | STATION WAGON | TRICICLO MOTORIZADO | TRICICLO NO MOTORIZADO | TRIMOTO CARGA | TRIMOTO PASAJERO | VEHICULO NO IDENTIFICADO | ÓMNIBUS,25412,0,0.0,"celda vacia; ademas 'NO SE CONOCE', 'NO REGISTRA', 'NO CORRESPONDE' y 'NO APLICA' funcionan como faltantes"
personas,fecha_siniestro,FECHA,Fecha del siniestro. Redundante con siniestros.csv.,fecha,Fecha ISO 8601 (YYYY-MM-DD),rango 2021-01-01 a 2025-12-30,25412,0,0.0,"celda vacia; ademas 'NO SE CONOCE', 'NO REGISTRA', 'NO CORRESPONDE' y 'NO APLICA' funcionan como faltantes"
personas,anio,AÑO,Anio del siniestro.,entero,Entero,rango 2021 a 2025,25412,0,0.0,"celda vacia; ademas 'NO SE CONOCE', 'NO REGISTRA', 'NO CORRESPONDE' y 'NO APLICA' funcionan como faltantes"
personas,mes,MES,"Mes del siniestro, nombre en espanol.",texto,Categoria,ABRIL | AGOSTO | DICIEMBRE | ENERO | FEBRERO | JULIO | JUNIO | MARZO | MAYO | NOVIEMBRE | OCTUBRE | SETIEMBRE,25412,0,0.0,"celda vacia; ademas 'NO SE CONOCE', 'NO REGISTRA', 'NO CORRESPONDE' y 'NO APLICA' funcionan como faltantes"
personas,dia_semana,DIA,Dia de la semana del siniestro.,texto,Categoria,DOMINGO | JUEVES | LUNES | MARTES | MIÉRCOLES | SÁBADO | VIERNES,25412,0,0.0,"celda vacia; ademas 'NO SE CONOCE', 'NO REGISTRA', 'NO CORRESPONDE' y 'NO APLICA' funcionan como faltantes"
personas,hora,HORA,Hora del siniestro.,entero,Entero 0-23,rango 0 a 23,25412,0,0.0,"celda vacia; ademas 'NO SE CONOCE', 'NO REGISTRA', 'NO CORRESPONDE' y 'NO APLICA' funcionan como faltantes"
personas,clase_siniestro,CLASE DE SINIESTRO,Clase del siniestro. Redundante con siniestros.csv.,texto,Categoria,ATROPELLO | ATROPELLO FUGA | CAÍDA DE PASAJERO | CHOQUE | CHOQUE CON OBJETO FIJO | CHOQUE FUGA | DESPISTE | ESPECIAL | FERROVIARIO | INCENDIO | VOLCADURA,25412,0,0.0,"celda vacia; ademas 'NO SE CONOCE', 'NO REGISTRA', 'NO CORRESPONDE' y 'NO APLICA' funcionan como faltantes"
personas,causa_factor_principal,CAUSA,Factor causal principal. Redundante con siniestros.csv.,texto,Categoria,EN PROCESO DE INVESTIGACIÓN | IMPERICIA DEL CONDUCTOR | IMPRUDENCIA DEL CONDUCTOR | IMPRUDENCIA DEL PASAJERO/OCUPANTE | IMPRUDENCIA DEL PEATÓN | INFRAESTRUCTURA Y ENTORNO VIAL | NEGLIGENCIA DEL CONDUCTOR,25412,0,0.0,"celda vacia; ademas 'NO SE CONOCE', 'NO REGISTRA', 'NO CORRESPONDE' y 'NO APLICA' funcionan como faltantes"
personas,causa_especifica,CAUSA ESPECIFICA,Causa especifica. Redundante con siniestros.csv.,texto,Categoria,38 valores distintos,25412,198,0.8,"celda vacia; ademas 'NO SE CONOCE', 'NO REGISTRA', 'NO CORRESPONDE' y 'NO APLICA' funcionan como faltantes"
personas,tipo_via,TIPO DE VÍA,Tipo de via. Redundante con siniestros.csv.,texto,Categoria,ALAMEDA | AUTOPISTA | AVENIDA | CALLE | CARRETERA DEPARTAMENTAL | CARRETERA NACIONAL | CARRETERA PROVINCIAL | CARRETERA SIN CLASIFICAR | CARRETERA VECINAL | FERREO | JIRÓN | OTRO | PASAJE | PLAYA | PUENTE | SIN CLASIFICAR | VIA EXPRESA,25412,0,0.0,"celda vacia; ademas 'NO SE CONOCE', 'NO REGISTRA', 'NO CORRESPONDE' y 'NO APLICA' funcionan como faltantes"
personas,cod_carretera,CÓDIGO DE CARRETERA,Codigo de carretera. Redundante con siniestros.csv.,texto,Codigo,1045 valores distintos,25412,0,0.0,"celda vacia; ademas 'NO SE CONOCE', 'NO REGISTRA', 'NO CORRESPONDE' y 'NO APLICA' funcionan como faltantes"
personas,red_vial,RED VIAL,Jerarquia de red vial. Redundante con siniestros.csv.,texto,Categoria,DEPARTAMENTAL | NACIONAL | PROVINCIAL | SIN CLASIFICAR | URBANO,25412,0,0.0,"celda vacia; ademas 'NO SE CONOCE', 'NO REGISTRA', 'NO CORRESPONDE' y 'NO APLICA' funcionan como faltantes"
historico_departamento_anio,departamento,departamento,"Departamento del Peru, normalizado sin tildes para poder unir con las bases detalladas.",texto,Categoria,AMAZONAS | ANCASH | APURIMAC | AREQUIPA | AYACUCHO | CAJAMARCA | CALLAO | CUSCO | HUANCAVELICA | HUANUCO | ICA | JUNIN | LA LIBERTAD | LAMBAYEQUE | LIMA | LORETO | MADRE DE DIOS | MOQUEGUA | PASCO | PIURA | PUNO | SAN MARTIN | TACNA | TUMBES | UCAYALI,425,0,0.0,"celda vacia; ademas 'NO SE CONOCE', 'NO REGISTRA', 'NO CORRESPONDE' y 'NO APLICA' funcionan como faltantes"
historico_departamento_anio,anio,anio,Anio calendario.,entero,Entero,rango 2008 a 2024,425,0,0.0,"celda vacia; ademas 'NO SE CONOCE', 'NO REGISTRA', 'NO CORRESPONDE' y 'NO APLICA' funcionan como faltantes"
historico_departamento_anio,siniestros_totales,siniestros_totales,"Siniestros de transito de TODA gravedad, no solo fatales. Fuente: Anuarios Estadisticos PNP.",entero,Conteo de siniestros,rango 44 a 54362,425,0,0.0,"celda vacia; ademas 'NO SE CONOCE', 'NO REGISTRA', 'NO CORRESPONDE' y 'NO APLICA' funcionan como faltantes"
historico_causas,departamento,departamento,"Departamento del Peru, normalizado sin tildes.",texto,Categoria,AMAZONAS | ANCASH | APURIMAC | AREQUIPA | AYACUCHO | CAJAMARCA | CALLAO | CUSCO | HUANCAVELICA | HUANUCO | ICA | JUNIN | LA LIBERTAD | LAMBAYEQUE | LIMA | LORETO | MADRE DE DIOS | MOQUEGUA | PASCO | PIURA | PUNO | SAN MARTIN | TACNA | TUMBES | UCAYALI,6770,0,0.0,"celda vacia; ademas 'NO SE CONOCE', 'NO REGISTRA', 'NO CORRESPONDE' y 'NO APLICA' funcionan como faltantes"
historico_causas,anio,anio,Anio calendario.,entero,Entero,rango 2008 a 2024,6770,0,0.0,"celda vacia; ademas 'NO SE CONOCE', 'NO REGISTRA', 'NO CORRESPONDE' y 'NO APLICA' funcionan como faltantes"
historico_causas,causa,causa,Causa atribuida al siniestro. ATENCION: la taxonomia cambia entre anios y no coincide con la de siniestros.csv; no armonizada a proposito.,texto,Categoria,DESACATO DE SEÑAL DE TRÁNSITO | DESACATO DE SEÑAL DE TRÁNSITO DE PARTE DEL CONDUCTOR | DESACATO DE SEÑAL DE TRÁNSITO DE PARTE DEL PEATÓN | EBRIEDAD DEL CONDUTOR | EBRIEDAD DEL PEATÓN | EXCESO DE CARGA | EXCESO DE VELOCIDAD | FACTOR AMBIENTAL | FALLA DE LUCES | FALLA MECÁNICA | FALTA DE LUCES | IMPRUDENCIA DEL CONDUCTOR | IMPRUDENCIA DEL PASAJERO | IMPRUDENCIA DEL PEATÓN | INVACIÓN DE CARRIL | NO HAY CERTEZA DE LA CAUSA | NO IDENTIFICA LA CAUSA | OTROS | PISTA EN MAL ESTADO | SEÑALIZACIÓN DEFECTUOSA | VEHÍCULO MAL ESTACIONADO,6770,0,0.0,"celda vacia; ademas 'NO SE CONOCE', 'NO REGISTRA', 'NO CORRESPONDE' y 'NO APLICA' funcionan como faltantes"
historico_causas,siniestros,siniestros,Siniestros de toda gravedad atribuidos a esa causa.,entero,Conteo de siniestros,rango 0 a 17712,6770,0,0.0,"celda vacia; ademas 'NO SE CONOCE', 'NO REGISTRA', 'NO CORRESPONDE' y 'NO APLICA' funcionan como faltantes"
historico_franja_horaria,departamento,departamento,"Departamento del Peru, normalizado sin tildes.",texto,Categoria,AMAZONAS | ANCASH | APURIMAC | AREQUIPA | AYACUCHO | CAJAMARCA | CALLAO | CUSCO | HUANCAVELICA | HUANUCO | ICA | JUNIN | LA LIBERTAD | LAMBAYEQUE | LIMA | LORETO | MADRE DE DIOS | MOQUEGUA | PASCO | PIURA | PUNO | SAN MARTIN | TACNA | TUMBES | UCAYALI,3700,0,0.0,"celda vacia; ademas 'NO SE CONOCE', 'NO REGISTRA', 'NO CORRESPONDE' y 'NO APLICA' funcionan como faltantes"
historico_franja_horaria,anio,anio,Anio calendario.,entero,Entero,rango 2008 a 2024,3700,0,0.0,"celda vacia; ademas 'NO SE CONOCE', 'NO REGISTRA', 'NO CORRESPONDE' y 'NO APLICA' funcionan como faltantes"
historico_franja_horaria,franja_horaria,franja_horaria,Bloque de seis horas en que ocurrio el siniestro.,texto,Categoria,00:01 A 02:00 | 02:00 A 08:00 | 02:01 A 04:00 | 04:01 A 06:00 | 06:01 A 08:00 | 08:00 A 14:00 | 08:01 A 10:00 | 10:01 A 12:00 | 12:01 A 14:00 | 14:00 A 20:00 | 14:01 A 16:00 | 16:01 A 18:00 | 18:01 A 20:00 | 20:00 A 02:00 | 20:01 A 22:00 | 22:01 A 24:00,3700,0,0.0,"celda vacia; ademas 'NO SE CONOCE', 'NO REGISTRA', 'NO CORRESPONDE' y 'NO APLICA' funcionan como faltantes"
historico_franja_horaria,siniestros,siniestros,Siniestros de toda gravedad en esa franja.,entero,Conteo de siniestros,rango 0 a 17635,3700,0,0.0,"celda vacia; ademas 'NO SE CONOCE', 'NO REGISTRA', 'NO CORRESPONDE' y 'NO APLICA' funcionan como faltantes"
historico_fallecidos_demografia,departamento,departamento,"Departamento del Peru, normalizado sin tildes.",texto,Categoria,AMAZONAS | ANCASH | APURIMAC | AREQUIPA | AYACUCHO | CAJAMARCA | CALLAO | CUSCO | HUANCAVELICA | HUANUCO | ICA | JUNIN | LA LIBERTAD | LAMBAYEQUE | LIMA | LORETO | MADRE DE DIOS | MOQUEGUA | PASCO | PIURA | PUNO | SAN MARTIN | TACNA | TUMBES | UCAYALI,4700,0,0.0,"celda vacia; ademas 'NO SE CONOCE', 'NO REGISTRA', 'NO CORRESPONDE' y 'NO APLICA' funcionan como faltantes"
historico_fallecidos_demografia,anio,anio,Anio calendario.,entero,Entero,rango 2008 a 2024,4700,0,0.0,"celda vacia; ademas 'NO SE CONOCE', 'NO REGISTRA', 'NO CORRESPONDE' y 'NO APLICA' funcionan como faltantes"
historico_fallecidos_demografia,sexo,sexo,Sexo de la persona fallecida.,texto,Categoria,FEMENINO | MASCULINO,4700,0,0.0,"celda vacia; ademas 'NO SE CONOCE', 'NO REGISTRA', 'NO CORRESPONDE' y 'NO APLICA' funcionan como faltantes"
historico_fallecidos_demografia,grupo_etario,grupo_etario,Grupo de edad. ATENCION: en 2008-2009 solo se distingue menor/mayor de 18 anios; desde 2010 se usan seis grupos. No armonizado a proposito.,texto,Categoria,DE 0 A 5 AÑOS | DE 12 A 17 AÑOS | DE 13 A 18 AÑOS | DE 18 A 29 AÑOS | DE 19 A 25 AÑOS | DE 26 A 60 AÑOS | DE 30 A 59 AÑOS | DE 6 A 11 AÑOS | DE 6 A 12 AÑOS | DE 60 A MÁS AÑOS | MAYOR DE 18 AÑOS | MENOR DE 18 AÑOS,4700,0,0.0,"celda vacia; ademas 'NO SE CONOCE', 'NO REGISTRA', 'NO CORRESPONDE' y 'NO APLICA' funcionan como faltantes"
historico_fallecidos_demografia,fallecidos,fallecidos,Personas fallecidas en siniestros de transito.,entero,Conteo de personas,rango 0 a 698,4700,0,0.0,"celda vacia; ademas 'NO SE CONOCE', 'NO REGISTRA', 'NO CORRESPONDE' y 'NO APLICA' funcionan como faltantes"
