departamento,anio,siniestros_totales
AMAZONAS,2008,271
AMAZONAS,2009,220
AMAZONAS,2010,95
AMAZONAS,2011,239
AMAZONAS,2012,487
AMAZONAS,2013,542
AMAZONAS,2014,463
AMAZONAS,2015,381
AMAZONAS,2016,628
AMAZONAS,2017,423
AMAZONAS,2018,362
AMAZONAS,2019,501
AMAZONAS,2020,387
AMAZONAS,2021,473
AMAZONAS,2022,514
AMAZONAS,2023,514
AMAZONAS,2024,513
ANCASH,2008,1616
ANCASH,2009,2263
ANCASH,2010,1946
ANCASH,2011,2267
ANCASH,2012,2298
ANCASH,2013,2476
ANCASH,2014,2477
ANCASH,2015,1697
ANCASH,2016,1531
ANCASH,2017,1973
ANCASH,2018,2061
ANCASH,2019,2329
ANCASH,2020,1279
ANCASH,2021,2096
ANCASH,2022,2453
ANCASH,2023,2557
ANCASH,2024,2218
APURIMAC,2008,428
APURIMAC,2009,183
APURIMAC,2010,129
APURIMAC,2011,185
APURIMAC,2012,616
APURIMAC,2013,525
APURIMAC,2014,643
APURIMAC,2015,531
APURIMAC,2016,363
APURIMAC,2017,473
APURIMAC,2018,818
APURIMAC,2019,808
APURIMAC,2020,637
APURIMAC,2021,924
APURIMAC,2022,860
APURIMAC,2023,720
APURIMAC,2024,703
AREQUIPA,2008,5594
AREQUIPA,2009,5293
AREQUIPA,2010,4809
AREQUIPA,2011,5637
AREQUIPA,2012,5704
AREQUIPA,2013,6438
AREQUIPA,2014,5630
AREQUIPA,2015,5182
AREQUIPA,2016,5410
AREQUIPA,2017,5157
AREQUIPA,2018,5101
AREQUIPA,2019,5142
AREQUIPA,2020,3010
AREQUIPA,2021,4601
AREQUIPA,2022,5017
AREQUIPA,2023,5194
AREQUIPA,2024,5604
AYACUCHO,2008,752
AYACUCHO,2009,613
AYACUCHO,2010,1480
AYACUCHO,2011,1006
AYACUCHO,2012,910
AYACUCHO,2013,1061
AYACUCHO,2014,1101
AYACUCHO,2015,1416
AYACUCHO,2016,970
AYACUCHO,2017,846
AYACUCHO,2018,696
AYACUCHO,2019,701
AYACUCHO,2020,410
AYACUCHO,2021,486
AYACUCHO,2022,454
AYACUCHO,2023,415
AYACUCHO,2024,549
CAJAMARCA,2008,3070
CAJAMARCA,2009,3590
CAJAMARCA,2010,3182
CAJAMARCA,2011,2945
CAJAMARCA,2012,3186
CAJAMARCA,2013,3156
CAJAMARCA,2014,2119
CAJAMARCA,2015,1276
CAJAMARCA,2016,1312
CAJAMARCA,2017,1777
CAJAMARCA,2018,2077
CAJAMARCA,2019,2087
CAJAMARCA,2020,1303
CAJAMARCA,2021,2006
CAJAMARCA,2022,2108
CAJAMARCA,2023,2092
CAJAMARCA,2024,2278
CALLAO,2008,3299
CALLAO,2009,3112
CALLAO,2010,2871
CALLAO,2011,2931
CALLAO,2012,3554
CALLAO,2013,3543
CALLAO,2014,3402
CALLAO,2015,3554
CALLAO,2016,3430
CALLAO,2017,3402
CALLAO,2018,3417
CALLAO,2019,3133
CALLAO,2020,2008
CALLAO,2021,2773
CALLAO,2022,2723
CALLAO,2023,3045
CALLAO,2024,3232
CUSCO,2008,2514
CUSCO,2009,1774
CUSCO,2010,406
CUSCO,2011,549
CUSCO,2012,1957
CUSCO,2013,4009
CUSCO,2014,4100
CUSCO,2015,4604
CUSCO,2016,3366
CUSCO,2017,3235
CUSCO,2018,4010
CUSCO,2019,4050
CUSCO,2020,2318
CUSCO,2021,2996
CUSCO,2022,3365
CUSCO,2023,3234
CUSCO,2024,3575
HUANCAVELICA,2008,47
HUANCAVELICA,2009,56
HUANCAVELICA,2010,71
HUANCAVELICA,2011,50
HUANCAVELICA,2012,174
HUANCAVELICA,2013,86
HUANCAVELICA,2014,201
HUANCAVELICA,2015,249
HUANCAVELICA,2016,295
HUANCAVELICA,2017,220
HUANCAVELICA,2018,257
HUANCAVELICA,2019,294
HUANCAVELICA,2020,170
HUANCAVELICA,2021,242
HUANCAVELICA,2022,200
HUANCAVELICA,2023,220
HUANCAVELICA,2024,201
HUANUCO,2008,462
HUANUCO,2009,673
HUANUCO,2010,508
HUANUCO,2011,801
HUANUCO,2012,1070
HUANUCO,2013,1648
HUANUCO,2014,4283
HUANUCO,2015,2708
HUANUCO,2016,2067
HUANUCO,2017,1724
HUANUCO,2018,809
HUANUCO,2019,1062
HUANUCO,2020,822
HUANUCO,2021,1199
HUANUCO,2022,1260
HUANUCO,2023,1290
HUANUCO,2024,1161
ICA,2008,1404
ICA,2009,1485
ICA,2010,1573
ICA,2011,1584
ICA,2012,1635
ICA,2013,907
ICA,2014,1512
ICA,2015,1172
ICA,2016,1047
ICA,2017,1181
ICA,2018,1303
ICA,2019,1734
ICA,2020,1003
ICA,2021,1650
ICA,2022,2154
ICA,2023,2154
ICA,2024,2281
JUNIN,2008,1889
JUNIN,2009,1819
JUNIN,2010,2333
JUNIN,2011,2138
JUNIN,2012,3173
JUNIN,2013,3604
JUNIN,2014,2711
JUNIN,2015,2367
JUNIN,2016,2378
JUNIN,2017,2457
JUNIN,2018,2429
JUNIN,2019,3168
JUNIN,2020,2311
JUNIN,2021,3336
JUNIN,2022,3664
JUNIN,2023,3804
JUNIN,2024,3124
LA LIBERTAD,2008,4020
LA LIBERTAD,2009,3625
LA LIBERTAD,2010,3728
LA LIBERTAD,2011,3790
LA LIBERTAD,2012,4621
LA LIBERTAD,2013,4787
LA LIBERTAD,2014,4658
LA LIBERTAD,2015,4853
LA LIBERTAD,2016,4704
LA LIBERTAD,2017,4604
LA LIBERTAD,2018,5646
LA LIBERTAD,2019,6297
LA LIBERTAD,2020,3344
LA LIBERTAD,2021,4367
LA LIBERTAD,2022,4450
LA LIBERTAD,2023,4150
LA LIBERTAD,2024,4091
LAMBAYEQUE,2008,597
LAMBAYEQUE,2009,909
LAMBAYEQUE,2010,1513
LAMBAYEQUE,2011,2141
LAMBAYEQUE,2012,2927
LAMBAYEQUE,2013,3175
LAMBAYEQUE,2014,3342
LAMBAYEQUE,2015,2340
LAMBAYEQUE,2016,2804
LAMBAYEQUE,2017,3188
LAMBAYEQUE,2018,3176
LAMBAYEQUE,2019,3830
LAMBAYEQUE,2020,2263
LAMBAYEQUE,2021,2542
LAMBAYEQUE,2022,3137
LAMBAYEQUE,2023,2968
LAMBAYEQUE,2024,3524
LIMA,2008,52684
LIMA,2009,52916
LIMA,2010,50520
LIMA,2011,49877
LIMA,2012,52581
LIMA,2013,54362
LIMA,2014,53924
LIMA,2015,53305
LIMA,2016,49304
LIMA,2017,49208
LIMA,2018,49336
LIMA,2019,49832
LIMA,2020,29185
LIMA,2021,35848
LIMA,2022,41111
LIMA,2023,44995
LIMA,2024,43786
LORETO,2008,1081
LORETO,2009,1092
LORETO,2010,1078
LORETO,2011,820
LORETO,2012,469
LORETO,2013,265
LORETO,2014,410
LORETO,2015,394
LORETO,2016,359
LORETO,2017,442
LORETO,2018,279
LORETO,2019,335
LORETO,2020,211
LORETO,2021,174
LORETO,2022,166
LORETO,2023,232
LORETO,2024,307
MADRE DE DIOS,2008,112
MADRE DE DIOS,2009,76
MADRE DE DIOS,2010,59
MADRE DE DIOS,2011,80
MADRE DE DIOS,2012,148
MADRE DE DIOS,2013,479
MADRE DE DIOS,2014,510
MADRE DE DIOS,2015,488
MADRE DE DIOS,2016,608
MADRE DE DIOS,2017,657
MADRE DE DIOS,2018,434
MADRE DE DIOS,2019,511
MADRE DE DIOS,2020,419
MADRE DE DIOS,2021,633
MADRE DE DIOS,2022,742
MADRE DE DIOS,2023,462
MADRE DE DIOS,2024,404
MOQUEGUA,2008,554
MOQUEGUA,2009,654
MOQUEGUA,2010,656
MOQUEGUA,2011,762
MOQUEGUA,2012,761
MOQUEGUA,2013,844
MOQUEGUA,2014,665
MOQUEGUA,2015,573
MOQUEGUA,2016,559
MOQUEGUA,2017,583
MOQUEGUA,2018,509
MOQUEGUA,2019,534
MOQUEGUA,2020,310
MOQUEGUA,2021,495
MOQUEGUA,2022,657
MOQUEGUA,2023,754
MOQUEGUA,2024,564
PASCO,2008,90
PASCO,2009,205
PASCO,2010,181
PASCO,2011,216
PASCO,2012,143
PASCO,2013,90
PASCO,2014,50
PASCO,2015,95
PASCO,2016,44
PASCO,2017,121
PASCO,2018,258
PASCO,2019,552
PASCO,2020,328
PASCO,2021,298
PASCO,2022,327
PASCO,2023,304
PASCO,2024,381
PIURA,2008,1593
PIURA,2009,1585
PIURA,2010,1854
PIURA,2011,1824
PIURA,2012,3300
PIURA,2013,4089
PIURA,2014,3834
PIURA,2015,3867
PIURA,2016,3480
PIURA,2017,2303
PIURA,2018,2512
PIURA,2019,4066
PIURA,2020,2636
PIURA,2021,3467
PIURA,2022,3947
PIURA,2023,3367
PIURA,2024,3096
PUNO,2008,929
PUNO,2009,931
PUNO,2010,992
PUNO,2011,1368
PUNO,2012,974
PUNO,2013,1154
PUNO,2014,953
PUNO,2015,922
PUNO,2016,765
PUNO,2017,968
PUNO,2018,999
PUNO,2019,1179
PUNO,2020,602
PUNO,2021,1266
PUNO,2022,1484
PUNO,2023,1196
PUNO,2024,1287
SAN MARTIN,2008,382
SAN MARTIN,2009,491
SAN MARTIN,2010,832
SAN MARTIN,2011,911
SAN MARTIN,2012,1057
SAN MARTIN,2013,1281
SAN MARTIN,2014,1269
SAN MARTIN,2015,1168
SAN MARTIN,2016,2002
SAN MARTIN,2017,1533
SAN MARTIN,2018,1343
SAN MARTIN,2019,1260
SAN MARTIN,2020,880
SAN MARTIN,2021,1092
SAN MARTIN,2022,1279
SAN MARTIN,2023,1510
SAN MARTIN,2024,1746
TACNA,2008,243
TACNA,2009,1037
TACNA,2010,1208
TACNA,2011,1289
TACNA,2012,1465
TACNA,2013,1608
TACNA,2014,1349
TACNA,2015,1142
TACNA,2016,910
TACNA,2017,781
TACNA,2018,983
TACNA,2019,1297
TACNA,2020,719
TACNA,2021,780
TACNA,2022,947
TACNA,2023,1037
TACNA,2024,1160
TUMBES,2008,309
TUMBES,2009,295
TUMBES,2010,336
TUMBES,2011,318
TUMBES,2012,505
TUMBES,2013,483
TUMBES,2014,438
TUMBES,2015,433
TUMBES,2016,534
TUMBES,2017,462
TUMBES,2018,503
TUMBES,2019,395
TUMBES,2020,254
TUMBES,2021,376
TUMBES,2022,366
TUMBES,2023,303
TUMBES,2024,264
UCAYALI,2008,1397
UCAYALI,2009,1129
UCAYALI,2010,1293
UCAYALI,2011,1143
UCAYALI,2012,1208
UCAYALI,2013,1150
UCAYALI,2014,1060
UCAYALI,2015,815
UCAYALI,2016,434
UCAYALI,2017,450
UCAYALI,2018,738
UCAYALI,2019,703
UCAYALI,2020,587
UCAYALI,2021,504
UCAYALI,2022,512
UCAYALI,2023,566
UCAYALI,2024,708
